# The ASF licenses this file to You under the Apache License, Version 2.0
# (the "License"); you may not use this file except in compliance with
# the License.  You may obtain a copy of the License at
#
#     http://www.apache.org/licenses/LICENSE-2.0
#
# Unless required by applicable law or agreed to in writing, software
# distributed under the License is distributed on an "AS IS" BASIS,
# WITHOUT WARRANTIES OR CONDITIONS OF ANY KIND, either express or implied.
# See the License for the specific language governing permissions and
# limitations under the License.

#-----------------------------------------------------------------------

#common english names

######
# Expansion happens at index-time.
#
# Note:  This file needs work.  Equivalence relationships (commas), should be
# broken out into directed relationships (=>) in such a way that
# full-names are expanded to include nicknames, but not the reverse.
# (e.g.  Alexandra should expand to Alexandra, Alex, Lexi, Ali, etc...
#        but Alex should not expand to Alexander, Alexandra, Alexis)
#
# This file started out with only undirected equivalence which is probably overly permissive
# for our purposes (especially with androgynous nicknames being expanded to gendered given-names).
######

Abigail => Abigail, Abbie, Abby, Gail, Nabby
Ada, Adie
Adelaide => Adelaide, Addie, Adela, Dell, Della
Adele, Adelle => Adele, Adelle, Adela, Addie, Dell, Della
Adeline, Adelina, Adaline => Adeline, Adelina, Adaline, Addie, Aline, Dell, Della
Adrienne, Adriana => Adrienne, Adriana, Adie
Agatha => Agatha, Aggie
Agnes => Agnes, Aggie, Ness, Nessie, Nancy
Aileen, Eileen => Aileen, Eileen, Allie, Lena
Alberta => Alberta, Allie, Bertie
Alexandra, Alexandria => Alexandra, Alexandria, Alex, Alix, Alexa, Alla, Allie, Ali, Lexy, Sandra, Sandy, Andi, Andie, Andii, Andee
Alexis => Alexis, Alex
Alfreda => Alfreda, Alfie, Alfy, Frieda, Freda, Freddie, Freddy
Alice, Alicia, Alyce, Alisa, Alissa, Alyssa => Alice, Alicia, Alyce, Alisa, Alissa, Alyssa, Allie, Ally, Ali, Elsie, Lisa
Alison, Allison, Alyson, Allyson => Alison, Allison, Alyson, Allyson, Allie, Ally, Ali
Althea => Althea, Thea
Amabel, Mabel => Amabel, Mabel, Mab, Mabs, Mabbie
Amanda => Amanda, Mandy
Amelia => Amelia, Amy, Millie, Milly
Amy, Aimee, Amie
Anastasia => Anastasia, Ana, Stacy
Andrea => Andrea, Andi, Andie, Andii, Andee
Angela, Angelica, Angelina, Angeline => Angela, Angelica, Angelina, Angeline, Angel, Angie
Anita => Anita, Ana, Nita
Anna, Ann, Anne, Ann, Annie => Anna, Ann, Anne, Ann, Annie, Nance, Nancy, Nancie, Nan, Nana, Nanny, Nanette, Nannette, Nina
Annabel, Annabelle, Anabel => Annabel, Annabelle, Anabel, Ann, Anna, Bel, Belle, Bell
Annette, Annetta => Annette, Annetta, Annie, Netta, Nettie, Netty
Antoinette => Antoinette, Nettie, Netty, Net, Netta, Toni, Tony, Toy, Toi
Antonia => Antonia, Toni, Tony, Tonya, Tonia
Arabella, Arabel, Arabelle => Arabella, Arabel, Arabelle, Bel, Bell, Belle, Bella
Arlene, Arline, Arleen, Arlyne => Arlene, Arline, Arleen, Arlyne, Lena, Arly, Lynn
Ashley => Ashley, Ash
Audrey => Audrey, Dee
Augusta, Augustina => Augusta, Augustina, Aggy, Augie, Gussie, Gusty, Ina, Tina
Aurora => Aurora, Rori
Barbara => Barbara, Bab, Babs, Babbie, Barbie, Babette
Beatrice, Beatrix => Beatrice, Beatrix, Bea, Bee, Beattie, Trixie, Trissie
Belinda => Belinda, Bel, Bell, Belle, Linda, Lindy, Lin, Lynn
Belle, Bella => Belle, Bella, Bell, Bel
Berenice, Bernice => Berenice, Bernice, Bernie
Bertha, Berta => Bertha, Berta, Bertie
Beverly, Beverley => Beverly, Beverley, Bev
Blanche, Blanch
Bonnie, Bonny
Brenda => Brenda, Brendie, Brandy
Bridget, Bridgette, Brigid, Brigit => Bridget, Bridgette, Brigid, Brigit, Biddie, Biddy, Bridie, Bridey, Brie, Bree, Brita
Brittany, Brittney, Britney => Brittany, Brittney, Britney, Brit, Britt, Brita, Brie
Camille, Camilla => Camille, Camilla, Cammie, Cammy, Millie
Candace, Candice => Candace, Candice, Candy
Caren, Carin, Caryn
Carla => Carla, Carlie, Carly
Carlotta, Carlota => Carlotta, Carlota, Lotta, Lottie, Lotty
Carol, Carole, Carrol, Carroll => Carol, Carole, Carrol, Carroll, Karol, Carrie, Carry
Caroline, Carolyn, Carolina, Carlyne, Carline, Karoline => Caroline, Carolyn, Carolina, Carlyne, Carline, Karoline, Carrie, Carry, Caddie, Caddy, Carlie, Carly, Callie, Cally, Carol, Lynn, Lynne, Lin
Cassandra => Cassandra, Cass, Cassie, Cassey, Casey, Sandra, Sandy
Catherine, Cathryn, Catheryn, Catharine, Cathleen => Catherine, Cathryn, Catheryn, Catharine, Cathleen, Cat, Cattie, Catty, Cathie, Cathy, Cassie, Kit, Kitty, Kittie, Kathy
Cathy, Kathy
Cecilia, Cecillia, Cecelia, Cecile => Cecilia, Cecillia, Cecelia, Cecile, Cecily, Cicely, Cissy, Sissy, Celia
Charity => Charity, Chattie, Chatty, Cherry
Charlotte => Charlotte, Lotta, Lottie, Lotty, Lola, Lolita, Chattie, Charlie
Cheryl => Cheryl, Cherie
Christine, Christina, Christiana => Christine, Christina, Christiana, Chris, Christy, Christie, Christa, Chrissie, Kit, Tina
Clara, Clare, Clair, Claire
Clarice, Clarissa, Clara => Clarice, Clarissa, Clara, Clare, Clair
Claudia => Claudia, Claudie
Clementine, Clementina => Clementine, Clementina, Clem, Clemmie, Tina
Colleen, Coleen
Constance => Constance, Connie, Connee
Cora => Cora, Co, Corrie
Cordelia => Cordelia, Cordy, Delia
Corinne, Corinna => Corinne, Corinna, Cora, Corrie
Cornelia => Cornelia, Connie, Corny, Nell, Nellie
Courtney => Courtney, Court, Courtie
Crystal, Chrystal => Crystal, Chrystal, Crys, Chris
Cynthia => Cynthia, Cindy
Daisy, Daysie
Danielle, Daniela => Danielle, Daniela, Dani, Danny
Daphne => Daphne, Daph, Daphie
Darlene, Darleen, Darlyne => Darlene, Darleen, Darlyne, Lena, Darla
Deborah => Deborah, Debbie, Debby, Debra
Delia => Delia, Dell, Della
Denise, Denice => Denise, Denice, Denny
Diana, Diane, Dianne => Diana, Diane, Dianne, Di
Dinah => Dinah, Dina, Di
Dolores, Delores => Dolores, Delores, Lola, Lolita
Dominique, Dominica => Dominique, Dominica, Minnie, Nicki, Nikki
Dora => Dora, Dorrie, Dori
Doreen, Dorene => Doreen, Dorene, Dorrie
Doris, Dorris => Doris, Dorris, Dorrie
Dorothy, Dorothea => Dorothy, Dorothea, Dora, Dorrie, Doll, Dolly, Dodie, Dot, Dottie, Dotty, Dee
Edith, Edyth, Edythe => Edith, Edyth, Edythe, Edie, Edye, Dee
Edna => Edna, Eddie
Elaine, Helaine => Elaine, Helaine, Ellie, Elly, Lainie
Eleanor, Elinor => Eleanor, Elinor, Ella, Ellie, Elly, Nell, Nellie, Nelly, Nora, Lally, Lallie
Elisa, Eliza, Elisia, Elissa, Elise, Elyse => Elisa, Eliza, Elisia, Elissa, Elise, Elyse, Elsa, Elsie
Elizabeth, Elisabeth => Elizabeth, Elisabeth, Betty, Bettie, Bet, Bett, Bette, Betta, Betsy, Betsey, Betsi, Beth, Bess, Bessie, Bessy, Bettina, Elsie, Elisa, Elsa, Eliza, Ellie, Elly, Ilse, Liz, Lizzy, Lizzie, Liza, Lisa, Lise, Lisette, Lizette, Lisbet, Lizbeth, Libby
Ella => Ella, Ellie, Elly, Nellie, Nelly
Eloise, Heloise => Eloise, Heloise, Lois
Elvira => Elvira, Elvie
Emily, Emilia => Emily, Emilia, Em, Emmy, Emmie, Millie, Milly
Emma => Emma, Em, Emm, Emmy, Emmie
Erica, Erika, Ericka => Erica, Erika, Ericka, Ricky, Rickie
Ernestine, Earnestine => Ernestine, Earnestine, Erna, Tina
Estelle, Estella => Estelle, Estella, Essie, Stella
Esther, Ester, Hester => Esther, Ester, Hester, Essie, Ettie, Etty, Hettie, Hetty
Ethel => Ethel, Eth
Etta => Etta, Ettie, Etty
Eugenia => Eugenia, Gene, Genie
Eulalia => Eulalia, Eula, Lally, Lallie
Eunice => Eunice, Euny, Eunie
Eustacia => Eustacia, Stacy, Stacey, Stacia
Eve => Eve, Eva, Evie
Eveline, Evelyn, Evelina => Eveline, Evelyn, Evelina, Eve, Evie, Lynn
Evangeline, Evangelina => Evangeline, Evangelina, Eve, Evie, Angie, Lynn
Faith => Faith, Fae, Fay, Faye
Felicia, Felicity => Felicia, Felicity, Felice, Fee, Fel
Florence => Florence, Flo, Floy, Floss, Flossie, Flora, Florrie
Frances => Frances, Fan, Fannie, Fanny, Fran, Frannie, Franny, Francie, Francy, France, Frankie, Franky
Francesca, Francisca => Francesca, Francisca, Fran, Cesca
Francine => Francine, Fan, Fannie, Fanny, Fran, Frannie, Franny, Francie, Francy, France, Frankie, Franky
Frederica, Frederika, Fredericka => Frederica, Frederika, Fredericka, Freda, Freddie, Freddy, Ricky, Rickie
Gabrielle, Gabriela, Gabriella => Gabrielle, Gabriela, Gabriella, Gabby, Gabi, Gaby
Genevieve => Genevieve, Gene, Ginny, Jenny, Viv
Georgina, Georgine => Georgina, Georgine, Georgie, Gina
Geraldine => Geraldine, Gerry, Gerrie, Gerri, Jerry, Dina
Gertrude => Gertrude, Gertie, Trudie, Trudy
Gillian, Jillian => Gillian, Jillian, Jill
Gladys => Gladys, Glad
Glenda => Glenda, Glen
Gloria => Gloria, Glory
Grace => Grace, Gracie
Gwendolen, Gwendolyn => Gwendolen, Gwendolyn, Gwen, Gwenda, Wendy
Hannah => Hannah, Hanna, Ann, Annie, Nana, Nanny
Harriet => Harriet, Hattie, Hatty
Heather => Heather, Hettie, Hetty
Helen, Helena => Helen, Helena, Elena, Ellen, Nell, Nellie, Nelly, Ellie, Elly, Lena, Lala, Lally, Lallie
Henrietta => Henrietta, Etta, Ettie, Etty, Hettie, Hetty, Nettie, Netty
Hillary, Hilary => Hillary, Hilary, Hill, Hillie
Hilda, Hylda => Hilda, Hylda, Hildie
Imogen, Imogene => Imogen, Imogene, Immy, Immie
Irene => Irene, Renie, Rena
Isabel, Isabelle, Isabella => Isabel, Isabelle, Isabella, Bel, Bell, Belle, Bella, Issy
Jacqueline, Jacquelyn => Jacqueline, Jacquelyn, Jackie, Jacky
Jane => Jane, Janie, Janey, Jenny, Jennie, Jen, Janet
Janet, Janette, Janetta => Janet, Janette, Janetta, Jan, Nettie, Netty, Netta
Janice, Janis, Jenice => Janice, Janis, Jenice, Jan
Jean, Jeanne => Jean, Jeanne, Jeanie, Jeannie
Jeannette, Jeannetta, Jeanette => Jeannette, Jeannetta, Jeanette, Jeanie, Jeannie, Nettie, Netty, Netta
Jemima => Jemima, Jem, Jemma, Mima, Mimi
Jennifer => Jennifer, Jen, Jenny, Jennie, Jenne
Jessica => Jessica, Jess, Jessie
Joanna, Joanne, Joann, Johanna => Joanna, Joanne, Joann, Johanna, Joan, Jo, Jody
Joceline, Jocelyn => Joceline, Jocelyn, Jo, Lynn
Josephine => Josephine, Jo, Josie, Josey, Jozy, Jody
Joyce => Joyce, Joy
Judith => Judith, Judy, Judie, Jude, Jody, Jodie
Julia => Julia, Julie, Jule
Julianne, Juliana => Julianne, Juliana, Julie, Jule
Juliet, Juliette => Juliet, Juliette, Julie, Jule
Karen, Karin, Karyn
Katherine, Katharine, Kathryn, Kathrine, Kathrynne, Katrina => Katherine, Katharine, Kathryn, Kathrine, Kathrynne, Katrina, Kate, Kathie, Kathy, Katie, Katy, Kay, Katty, Kattie, Kit, Kitty, Kittie
Kathleen, Kathlene, Kathlyn, Kathlynne => Kathleen, Kathlene, Kathlyn, Kathlynne, Kathie, Kathy, Katie, Katy, Katty, Kattie
Kelly, Kelley
Kimberly, Kimberley => Kimberly, Kimberley, Kim
Kristina, Kristin, Kristine, Kristen => Kristina, Kristin, Kristine, Kristen, Kris, Kristi, Kristy, Kristie, Krista
Laura, Lora => Laura, Lora, Laurie, Loretta, Lolly
Lauren, Laurel => Lauren, Laurel, Laurie
Laverne, Laverna => Laverne, Laverna, Verna
Lavinia => Lavinia, Vina, Vinnie
Leah => Leah, Lea, Lee, Leigh
Leona => Leona, Lee
Leonora, Leonore, Lenora, Lenore => Leonora, Leonore, Lenora, Lenore, Nora
Leslie, Lesley => Leslie, Lesley, Les
Leticia, Letitia => Leticia, Letitia, Lettie, Tisha
Lillian, Lilian => Lillian, Lilian, Lily, Lilly, Lili, Lilli, Lil, Lillie
Lily, Lilly, Lili, Lilli, Lil, Lillie
Linda, Lynda, Lindy => Linda, Lynda, Lindy, Lin, Lynn, Lynne
Lorraine, Loraine => Lorraine, Loraine, Lora, Lori, Lorie
Loretta => Loretta, Etta, Lorrie, Lori, Retta
Lottie, Lotty, Lotta
Louise, Louisa => Louise, Louisa, Lou, Lu, Lulu, Lula
Lois => Lois, Lulu
Lucille, Lucile => Lucille, Lucile, Lu, Lucy, Lucky
Lucinda, Lucina => Lucinda, Lucina, Lu, Lucy, Lucky, Cindy
Lucy, Lucie, Luci, Lucia => Lucy, Lucie, Luci, Lucia, Lu, Lulu, Luce, Lucky
Lydia => Lydia, Liddy, Lyddie
Lynn, Lynne
Mabel, Mabelle, Mable => Mabel, Mabelle, Mable, Mab, Mabs, Mabbie
Madeline, Madeleine, Madelyn => Madeline, Madeleine, Madelyn, Maddie, Maddy, Mady
Magdaline, Magdalen, Magdalena => Magdaline, Magdalen, Magdalena, Magda, Magsie, Lena
Marcia => Marcia, Marcie, Marcy, Marci
Margaret, Margarita, Marguerite, Margret => Margaret, Margarita, Marguerite, Margret, Maggie, Marge, Margie, Marjorie, Margery, Madge, Margot, Margo, Magsie, Maisie, Daisy, Mamie, Maidie, Mae, May, Meg, Megan, Peggy, Greta, Gretchen, Rita
Marianne, Marianna, Maryann, Maryanne => Marianne, Marianna, Maryann, Maryanne, Marian, Mary, Ann
Marilyn, Marilynn, Marylin, Marlene, Marlyn => Marilyn, Marilynn, Marylin, Marlene, Marlyn, Mary, Lynn
Maribel, Maribelle => Maribel, Maribelle, Mary, Bell
Marietta => Marietta, Mariett, Mariette, Mary, Etta, Ettie, Etty
Marjorie, Marjory, Margery => Marjorie, Marjory, Margery, Marge, Margie
Martha, Marta => Martha, Marta, Marty, Mat, Mattie, Matty, Pattie, Patty
Mary, Maria, Marie
Mary => Mary, Mae, May, Moll, Molly, Mollie, Polly, Mamie, Mimi, Minnie
Matilda, Mathilda => Matilda, Mathilda, Mat, Matty, Mattie, Maud, Maude, Patty, Pattie, Tilda, Tillie, Tilly
Maud, Maude => Maud, Maude, Maudie, Maudy
Maureen => Maureen, Maury
Maxine => Maxine, Max, Maxie
Megan => Megan, Meg
Melanie => Melanie, Mel, Mellie
Melinda => Melinda, Mel, Mellie, Linda, Mindy
Melissa => Melissa, Mel, Mellie, Missie, Missy, Lisa, Lissa
Mercedes => Mercedes, Mercy, Sadie
Meredith => Meredith, Merry
Michelle, Michele => Michelle, Michele, Mickey, Shelly
Mildred => Mildred, Millie, Milly
Millicent, Milicent, Melicent => Millicent, Milicent, Melicent, Millie, Milly
Minnie, Minna, Mina
Miranda => Miranda, Randy
Molly, Mollie, Moll, Polly
Monica => Monica, Nicki
Myra, Mira
Nadine => Nadine, Nada, Dee
Natalie, Nathalie, Natalia, Natasha => Natalie, Nathalie, Natalia, Natasha, Nattie, Natty
Nell, Nelle => Nell, Nelle, Nellie, Nelly
Nettie, Netty => Nettie, Netty, Netta
Nicole => Nicole, Nicky, Nicki, Nikki, Nikky
Norma => Norma, Normie
Octavia => Octavia, Tave, Tavy, Tavia
Olive, Olivia => Olive, Olivia, Ollie, Olly, Nollie, Livvy, Livia
Pamela => Pamela, Pam, Pammie, Pammy
Patricia => Patricia, Pat, Pattie, Patty, Patsy, Paddy, Tricia, Trisha, Trissie
Paula, Paulina, Pauline => Paula, Paulina, Pauline, Paulie
Pearl => Pearl, Pearlie
Peggy => Peggy, Peg
Penelope => Penelope, Pen, Penny
Phoebe, Phebe
Phyllis => Phyllis, Phyl, Phyllie, Phil
Priscilla => Priscilla, Prissy
Prudence => Prudence, Prudie, Prudy, Prue, Pru
Rachel => Rachel, Rachie, Rae, Ray
Raquel => Raquel, Kelly, Kellie
Rebecca => Rebecca, Beck, Becky, Reba
Regina => Regina, Reggie, Gina, Ginny, Rena
Renata => Renata, Nata, Natie, Rennie, Renny, Renae
Renee, Rene, Renae
Roberta => Roberta, Robbie, Robby, Robin, Robyn, Bobbie, Bobby, Berta, Bertie
Rose, Rosa => Rose, Rosa, Rosie, Rosy
Rosabel, Rosabelle, Rosabella => Rosabel, Rosabelle, Rosabella, Rose, Rosie, Rosy, Bell
Rosalie, Rosalee => Rosalie, Rosalee, Rose, Rosie, Rosy
Rosaline, Rosalyn => Rosaline, Rosalyn, Rose, Rosie, Rosy
Rosalind, Rosalinda => Rosalind, Rosalinda, Rose, Rosie, Rosy, Linda
Roseanna, Rosanna, Rosanne => Roseanna, Rosanna, Rosanne, Rose, Rosie, Rosy
Rosemary, Rosemarie => Rosemary, Rosemarie, Rose, Rosie, Rosy
Roxanne, Roxanna, Roxana => Roxanne, Roxanna, Roxana, Roxie, Roxy
Ruby, Rubina, Ruby, Rubie
Ruth => Ruth, Ruthie
Sabrina => Sabrina, Brina, Sabby
Samantha => Samantha, Sam, Sammie, Sammy
Sarah, Sara => Sarah, Sara, Sadie, Sal, Sally, Sallie
Sharon, Sharron
Shirley, Shirlee, Shirlie => Shirley, Shirlee, Shirlie, Shirl
Sibyl, Sybil, Sibylle, Syble => Sibyl, Sybil, Sibylle, Syble, Sib, Sibbie
Sonia, Sonya
Sophia => Sophia, Sophie, Sophy
Stacy, Stacey, Stacie, Staci
Stephanie, Stephania, Stephana, Stefanie, Stefania, Stefana => Stephanie, Stephania, Stephana, Stefanie, Stefania, Stefana, Steph, Stephie
Susan, Susanna, Susannah, Susanne, Suzanne => Susan, Susanna, Susannah, Susanne, Suzanne, Sue, Susie, Susi, Susy, Suzie, Suzy, Sukie
Sylvia, Silvia => Sylvia, Silvia, Syl, Sylvie
Tabitha => Tabitha, Tabby
Tamara, Tamar => Tamara, Tamar, Tammy, Tammie
Tanya, Tania
Teresa, Theresa, Therese => Teresa, Theresa, Therese, Terry, Terri, Teri, Terrie, Tess, Tessa, Tessie, Tracy, Trissie
Tiffany => Tiffany, Tiff, Tiffy
Tracy, Tracey, Tracie, Traci
Ursula => Ursula, Ursa, Ursie, Sulie
Valentina => Valentina, Val, Vallie
Valerie, Valery, Valeria => Valerie, Valery, Valeria, Val, Vallie
Vanessa => Vanessa, Van, Vannie, Nessa
Veronica => Veronica, Nicky, Nicki, Ronnie, Ronni, Ronny
Victoria => Victoria, Vic, Vick, Vickie, Vicky, Vicki, Viki, Vikki
Viola => Viola, Vi
Violet, Violette, Violetta => Violet, Violette, Violetta, Vi, Lettie
Virginia => Virginia, Ginger, Ginny, Jinny, Virgie
Vivian, Vivien, Vivienne => Vivian, Vivien, Vivienne, Vivi, Viv
Wanda, Vonda
Wilhelmina => Wilhelmina, Willa, Wilma, Willie, Billie, Mina, Minnie
Winifred => Winifred, Winnie, Freda, Freddie
Yolanda, Yolande
Yvonne => Yvonne, Vonnie, Vonna
Yvette => Yvette, Vettie, Vetta
Zoe, Zoey
Aaron, Aron => Aaron, Aron, Ron, Ronnie, Ronny
Abel => Abel, Abe, Abie
Abner => Abner, Ab, Abbie
Abraham => Abraham, Abe, Abie, Bram
Adam => Adam, Ad, Addie, Addy, Ade
Adrian => Adrian, Ade
Alan, Allan, Allen => Alan, Allan, Allen, Al
Albert => Albert, Al, Bert, Bertie
Alexander => Alexander, Al, Alex, Alec, Aleck, Lex, Sandy, Sander
Alex, Alec, Aleck
Alfred => Alfred, Al, Alf, Alfie, Fred, Freddie, Freddy
Algernon => Algernon, Algie, Algy, Alger
Alonso, Alonzo => Alonso, Alonzo, Al, Lon, Lonnie, Lonny
Alvin, Alwin, Alwyn => Alvin, Alwin, Alwyn, Al, Vin, Vinny, Win
Andrew => Andrew, Andy, Drew
Andre, Andres, Andreas => Andre, Andres, Andreas, Andy
Anthony, Antony => Anthony, Antony, Anton, Tony
Archibald => Archibald, Arch, Archie, Baldie
Arnold => Arnold, Arnie
Arthur => Arthur, Art, Artie
Augustus, August, Augustine => Augustus, August, Augustine, Augie, Gus, Gussy, Gust, Gustus
Austin, Austen
Baldwin => Baldwin, Baldie, Win
Barrett => Barrett, Barry, Barrie
Barry, Barrie
Bartholomew => Bartholomew, Bart, Barty, Bartlett, Bartley, Bat, Batty
Basil => Basil, Baz, Basie
Benedict => Benedict, Ben, Bennie, Benny
Benjamin => Benjamin, Ben, Bennie, Benny, Benjy, Benjie
Bennet, Bennett => Bennet, Bennett, Ben, Bennie, Benny
Bernard, Barnard => Bernard, Barnard, Bernie, Berney, Barney, Barnie
Bradford => Bradford, Brad, Ford
Bradley => Bradley, Brad
Brandon, Branden
Brenton => Brenton, Brent
Bret, Brett
Brian, Bryan, Bryant
Burton => Burton, Burt
Byron => Byron, Ron, Ronnie, Ronny
Caleb => Caleb, Cal
Calvin => Calvin, Cal, Vin, Vinny
Cameron => Cameron, Cam, Ron, Ronny
Carl, Karl, Carlos
Carey, Cary, Carry
Casey, Kasey
Caspar, Casper => Caspar, Casper, Cas, Cass
Cassius => Cassius, Cas, Cass
Cecil => Cecil, Cis
Cedric => Cedric, Ced, Rick, Ricky
Charles => Charles, Charlie, Charley, Chuck, Chas
Chester => Chester, Chet
Christopher, Kristopher, Kristofer => Christopher, Kristopher, Kristofer, Chris, Kris, Cris, Christy, Kit, Kester, Kristof, Toph, Topher
Christian => Christian, Chris, Christy, Kit
Clarence => Clarence, Clare, Clair
Claude, Claud
Clayton => Clayton, Clay
Clement => Clement, Clem
Clifford => Clifford, Cliff, Ford
Clinton => Clinton, Clint
Curtis, Kurtis => Curtis, Kurtis, Curt, Kurt
Curt, Kurt
Cyril => Cyril, Cy
Cyrus => Cyrus, Cy
Daniel => Daniel, Dan, Danny
Darrell, Darrel, Darryl, Daryl
David => David, Dave, Davie, Davy
Dean, Deane
Dennis, Denis => Dennis, Denis, Den, Denny
Derek, Derrick => Derek, Derrick, Derry, Rick, Ricky
Dexter => Dexter, Dex
Dominic, Dominick, Dominique => Dominic, Dominick, Dominique, Dom, Nick
Donald => Donald, Don, Donnie, Donny
Douglas => Douglas, Doug
Duane, Dwayne
Dustin => Dustin, Dusty
Earl, Earle
Edgar => Edgar, Ed, Eddie, Eddy, Ned
Edward => Edward, Ed, Eddie, Eddy, Ned, Ted, Teddy
Edwin => Edwin, Ed, Eddie, Eddy, Ned
Elbert => Elbert, Bert, Bertie
Elijah => Elijah, Eli, Lige
Elliot, Elliott => Elliot, Elliott, El
Elmer => Elmer, El
Elvin, Elwin, Elwyn => Elvin, Elwin, Elwyn, El, Vin, Win
Elwood => Elwood, El, Woody
Emery, Emmery, Emory => Emery, Emmery, Emory, Em
Emil, Emile => Emil, Emile, Em
Emmanuel, Emanuel, Immanuel => Emmanuel, Emanuel, Immanuel, Manuel, Manny, Mannie
Eric, Erik, Erick => Eric, Erik, Erick, Rick, Ricky
Ernest, Earnest => Ernest, Earnest, Ernie
Ervin, Erwin, Irvin, Irvine, Irving, Irwin => Ervin, Erwin, Irvin, Irvine, Irving, Irwin, Erv, Vin, Win
Eugene => Eugene, Gene
Everett, Everette
Fabian => Fabian, Fabe, Fab
Ferdinand => Ferdinand, Ferdie, Fred, Freddie
Fernando => Fernando, Ferdie, Fern
Floyd => Floyd, Floy
Francis => Francis, Frank, Frankie, Franky, Fran
Francisco => Francisco, Frank, Frankie, Franky, Fran
Franklin, Franklyn => Franklin, Franklyn, Frank, Frankie, Franky
Frederick, Frederic, Fredrick, Fredric => Frederick, Frederic, Fredrick, Fredric, Fred, Freddie, Freddy, Rick, Ricky
Fred => Fred, Freddie
Gabriel => Gabriel, Gabe, Gabby
Garrett, Garret => Garrett, Garret, Gary, Garry
Geoffrey, Jeffrey => Geoffrey, Jeffrey, Jeff
George => George, Georgie, Geordie
Gerald, Gerard => Gerald, Gerard, Gerry, Jerry
Gilbert => Gilbert, Gil, Bert
Glenn, Glen
Gregory, Gregor => Gregory, Gregor, Greg, Gregg
Griffith, Griffin => Griffith, Griffin, Griff
Harold => Harold, Hal, Harry
Harvey => Harvey, Harve, Harv
Henry, Harry => Henry, Harry, Hank
Herbert => Herbert, Herb, Bert, Bertie
Herman => Herman, Manny, Mannie
Howard => Howard, Howie
Hubert => Hubert, Hugh, Bert, Bertie
Hugh => Hugh, Hughie, Hugo
Immanuel => Immanuel, Manny, Mannie
Irvin, Irvine, Irving, Irwin
Isaac, Isaak => Isaac, Isaak, Ike
Isidore, Isidor, Isadore, Isador => Isidore, Isidor, Isadore, Isador, Izzy
Jack => Jack, Jackie, Jacky
Jacob => Jacob, Jake
James => James, Jim, Jimmy, Jimmie, Jamie, Jem
Jason => Jason, Jay
Jasper => Jasper, Jay
Jeffrey, Jeffery, Geoffrey => Jeffrey, Jeffery, Geoffrey, Jeff
Jeremy, Jeremiah => Jeremy, Jeremiah, Jerry
Jerome => Jerome, Jerry
Jesse => Jesse, Jess, Jessie, Jessy
John, Jonathan, Jon => John, Jonathan, Jon, Jonny, Johnny
Jack => Jack, Jackie, Jacky
Joseph => Joseph, Joe, Joey, Jo, Jos, Jody
Joshua => Joshua, Josh
Julian, Julius => Julian, Julius, Jule, Jules
Karl, Carl
Kelly, Kelley
Kelvin => Kelvin, Kel, Kelly
Kenneth => Kenneth, Ken, Kenny
Kevin => Kevin, Kev
Kristopher => Kristopher, Kris, Kit, Kester
Lamont => Lamont, Monty, Monte
Lancelot, Launcelot => Lancelot, Launcelot, Lance
Laurence, Lawrence, Lorence, Lorenzo => Laurence, Lawrence, Lorence, Lorenzo, Lauren, Loren, Larry, Lars, Laurie, Lawrie
Lee, Leigh
Leo, Leon, Lee
Leonard => Leonard, Leo, Len, Lenny, Lennie
Leopold => Leopold, Leo, Poldie
Leroy => Leroy, Lee, Roy
Leslie, Lesley => Leslie, Lesley, Les
Lester => Lester, Les
Lewis => Lewis, Lew, Lewie
Lincoln => Lincoln, Lin, Linc, Lynn
Lloyd, Loyd, Loyde, Floyd => Lloyd, Loyd, Loyde, Floyd, Loy, Floy
Louis, Luis => Louis, Luis, Lou, Louie
Luke, Lucas
Malcolm => Malcolm, Mal, Malc, Mac
Manuel => Manuel, Manny, Mannie
Mark, Marc, Marcus, Markus
Martin => Martin, Mart, Marty
Marvin, Mervin => Marvin, Mervin, Marv, Merv
Matthew => Matthew, Matt, Mat, Matty, Mattie
Maximilian => Maximilian, Max
Melvin => Melvin, Mel
Michael => Michael, Mike, Mickey
Milton => Milton, Milt
Mitchell => Mitchell, Mitch
Mohammed, Mohamed, Muhammad, Muhammat, Mohammad => Mo, Moe, Mohammed, Mohamed, Muhammad, Muhammat, Mohammad, Ahmad, Ahmed, Hamid
Montague => Montague, Monty, Monte
Montgomery => Montgomery, Monty, Monte
Morris, Maurice => Morris, Maurice, Morry
Mortimer => Mortimer, Mort, Morty
Moses => Moses, Mo, Moe, Mose, Moss
Nathan, Nathaniel => Nathan, Nathaniel, Nat, Nate
Neal, Neil
Nicholas, Nicolas => Nicholas, Nicolas, Nick, Nicky
Norman => Norman, Norm
Oliver => Oliver, Ollie, Noll, Nollie, Nolly
Oscar => Oscar, Ossy
Oswald => Oswald, Ossy, Ozzie, Ozzy
Patrick => Patrick, Pat, Patty, Paddy, Patsy
Paul => Paul, Pauly
Peter => Peter, Pete
Philip, Phillip => Philip, Phillip, Phil, Pip
Ralph => Ralph, Rafe
Randall, Randal => Randall, Randal, Rand, Randy
Randolph => Randolph, Rand, Randy, Dolph
Raphael, Rafael => Raphael, Rafael, Raff, Rafe, Rafa, Raf
Raymond, Raymund => Raymond, Raymund, Ray
Reginald => Reginald, Reg, Reggie, Rex
Reuben, Ruben => Reuben, Ruben, Rube, Ruby
Reynold => Reynold, Ray
Richard => Richard, Dick, Rick, Ricky, Rich, Richie
Rick => Rick, Ricky
Robert => Robert, Bob, Bobbie, Bobby, Dob, Rob, Robbie, Robby, Robin, Bert
Roderic, Roderick => Roderic, Roderick, Rod, Roddy, Rick, Ricky
Rodney => Rodney, Rod
Roger, Rodger => Roger, Rodger, Rodge
Roland => Roland, Rolly, Roly
Ronald => Ronald, Ron, Ronnie, Ronny
Ron => Ron, Ronnie
Roscoe => Roscoe, Ross
Reuben, Ruben, Rubin => Reuben, Ruben, Rubin, Rube, Ruby
Rudolph, Rudolf => Rudolph, Rudolf, Rudy, Rolf, Dolph, Dolf
Russell, Russel => Russell, Russel, Russ
Samson, Sampson => Samson, Sampson, Sam, Sammy
Samuel => Samuel, Sam, Sammy
Scott => Scott, Scotty
Sebastian => Sebastian, Seb, Bass
Sidney, Sydney => Sidney, Sydney, Sid, Syd
Silvester, Sylvester => Silvester, Sylvester, Syl, Vester
Solomon => Solomon, Sol, Solly, Sal
Stanley => Stanley, Stan
Stephen, Steven => Stephen, Steven, Steve, Stevie
Stuart, Stewart => Stuart, Stewart, Stu, Stew
Terrence, Terence, Terrance => Terrence, Terence, Terrance, Terry
Theodore => Theodore, Ted, Teddy, Theo
Timothy => Timothy, Tim, Timmy
Thomas => Thomas, Tom, Tommy
Tracy, Tracey
Tyler => Tyler, Ty
Valentine => Valentine, Val
Venkataramanan => Venkat, Venkataramanan
Victor => Victor, Vic, Vick
Vincent => Vincent, Vince, Vin, Vinny
Virgil, Vergil => Virgil, Vergil, Virge
Vernon => Vernon, Vern
Wallace => Wallace, Wally
Walter => Walter, Walt, Wally
Wesley => Wesley, Wes
Wilbur, Wilber => Wilbur, Wilber, Will, Willie, Willy
Wiley, Will, Willie, Willy
Wilfred, Wilfrid => Wilfred, Wilfrid, Will, Willie, Willy, Fred, Freddie, Freddy
Willard => Willard, Will, Willie, Willy
Willis => Willis, Bill, Billy, Billie, Will, Willie, Willy
William => William, Bill, Billy, Billie, Will, Willie, Willy
Wilson => Wilson, Will, Willie, Willy
Winfred => Winfred, Win, Winnie, Winny, Fred, Freddie, Freddy
Winston => Winston, Win, Winnie, Winny
Woodrow => Woodrow, Wood, Woody
Zachariah, Zacharias, Zachary => Zachariah, Zacharias, Zachary, Zack, Zacky, Zach